/*!40101 SET NAMES utf8 */;
/*!40014 SET FOREIGN_KEY_CHECKS=0 */;
/*!40101 SET SQL_MODE='NO_AUTO_VALUE_ON_ZERO' */;
/*!40111 SET SQL_NOTES=0 */;
CREATE DATABASE /*!32312 IF NOT EXISTS*/ allgames /*!40100 DEFAULT CHARACTER SET utf8mb4 */;
USE allgames;

DROP TABLE IF EXISTS carrito;
CREATE TABLE `carrito` (
  `pedidoId` int(11) NOT NULL,
  `juegoId` int(11) NOT NULL,
  KEY `fk_carrito_pedidoId` (`pedidoId`),
  KEY `fk_carrito_juegoId` (`juegoId`) USING BTREE,
  CONSTRAINT `carrito_ibfk_1` FOREIGN KEY (`pedidoId`) REFERENCES `pedido` (`id`) ON DELETE CASCADE ON UPDATE CASCADE,
  CONSTRAINT `carrito_ibfk_2` FOREIGN KEY (`juegoId`) REFERENCES `juego` (`id`) ON DELETE CASCADE ON UPDATE CASCADE
) ENGINE=InnoDB DEFAULT CHARSET=utf8 COLLATE=utf8_spanish_ci;

DROP TABLE IF EXISTS genero;
CREATE TABLE `genero` (
  `id` int(11) NOT NULL AUTO_INCREMENT,
  `nombre` varchar(45) COLLATE utf8_spanish_ci NOT NULL,
  PRIMARY KEY (`id`)
) ENGINE=InnoDB AUTO_INCREMENT=11 DEFAULT CHARSET=utf8 COLLATE=utf8_spanish_ci;

DROP TABLE IF EXISTS genero_juego;
CREATE TABLE `genero_juego` (
  `generoId` int(11) NOT NULL,
  `juegoId` int(11) NOT NULL,
  KEY `fk_genero_juego_generoId` (`generoId`),
  KEY `fk_genero_juego_juegoId` (`juegoId`),
  CONSTRAINT `genero_juego_ibfk_1` FOREIGN KEY (`generoId`) REFERENCES `genero` (`id`) ON DELETE CASCADE ON UPDATE CASCADE,
  CONSTRAINT `genero_juego_ibfk_2` FOREIGN KEY (`juegoId`) REFERENCES `juego` (`id`) ON DELETE CASCADE ON UPDATE CASCADE
) ENGINE=InnoDB DEFAULT CHARSET=utf8mb4;

DROP TABLE IF EXISTS juego;
CREATE TABLE `juego` (
  `id` int(11) NOT NULL AUTO_INCREMENT,
  `nombre` varchar(50) CHARACTER SET utf8 COLLATE utf8_spanish_ci NOT NULL,
  `descripcion` text NOT NULL,
  `portada` varchar(100) NOT NULL,
  `trailer` text NOT NULL,
  `pegi` varchar(100) NOT NULL,
  `precio` decimal(10,2) NOT NULL,
  PRIMARY KEY (`id`)
) ENGINE=InnoDB AUTO_INCREMENT=13 DEFAULT CHARSET=utf8;

DROP TABLE IF EXISTS pedido;
CREATE TABLE `pedido` (
  `id` int(11) NOT NULL AUTO_INCREMENT,
  `usuarioId` int(11) NOT NULL,
  `gameKey` varchar(12) CHARACTER SET utf8mb4 COLLATE utf8mb4_spanish2_ci DEFAULT NULL,
  `fechaPedido` datetime DEFAULT NULL,
  `tiempoAlquiler` int(2) NOT NULL,
  `comprado` tinyint(1) DEFAULT NULL,
  PRIMARY KEY (`id`),
  KEY `fk_pedido_usuarioId` (`usuarioId`),
  CONSTRAINT `pedido_ibfk_1` FOREIGN KEY (`usuarioId`) REFERENCES `usuario` (`id`) ON DELETE CASCADE ON UPDATE CASCADE
) ENGINE=InnoDB AUTO_INCREMENT=219 DEFAULT CHARSET=utf8 COLLATE=utf8_spanish_ci;

DROP TABLE IF EXISTS plataforma;
CREATE TABLE `plataforma` (
  `id` int(11) NOT NULL AUTO_INCREMENT,
  `nombre` varchar(45) CHARACTER SET utf8 COLLATE utf8_spanish_ci NOT NULL,
  `logo` varchar(50) NOT NULL,
  PRIMARY KEY (`id`)
) ENGINE=InnoDB AUTO_INCREMENT=4 DEFAULT CHARSET=utf8;

DROP TABLE IF EXISTS plataforma_juego;
CREATE TABLE `plataforma_juego` (
  `plataformaId` int(11) NOT NULL,
  `juegoId` int(11) NOT NULL,
  KEY `fk_plataforma_juego_plataformaId` (`plataformaId`),
  KEY `fk_plataforma_juego_juegoId` (`juegoId`),
  CONSTRAINT `plataforma_juego_ibfk_1` FOREIGN KEY (`plataformaId`) REFERENCES `plataforma` (`id`) ON DELETE CASCADE ON UPDATE CASCADE,
  CONSTRAINT `plataforma_juego_ibfk_2` FOREIGN KEY (`juegoId`) REFERENCES `juego` (`id`) ON DELETE CASCADE ON UPDATE CASCADE
) ENGINE=InnoDB DEFAULT CHARSET=utf8mb4;

DROP TABLE IF EXISTS resenia;
CREATE TABLE `resenia` (
  `id` int(11) NOT NULL AUTO_INCREMENT,
  `valoracion` tinyint(1) NOT NULL,
  `mensaje` text NOT NULL,
  `fecha` datetime NOT NULL DEFAULT current_timestamp(),
  `juegoId` int(11) NOT NULL,
  `usuarioId` int(11) NOT NULL,
  PRIMARY KEY (`id`),
  KEY `fk_resenia_juegoId` (`juegoId`),
  KEY `fk_resenia_usuarioId` (`usuarioId`) USING BTREE,
  CONSTRAINT `resenia_ibfk_2` FOREIGN KEY (`juegoId`) REFERENCES `juego` (`id`) ON DELETE CASCADE ON UPDATE CASCADE,
  CONSTRAINT `resenia_ibfk_3` FOREIGN KEY (`usuarioId`) REFERENCES `usuario` (`id`) ON DELETE CASCADE ON UPDATE CASCADE
) ENGINE=InnoDB AUTO_INCREMENT=28 DEFAULT CHARSET=utf8;

DROP TABLE IF EXISTS usuario;
CREATE TABLE `usuario` (
  `id` int(11) NOT NULL AUTO_INCREMENT,
  `nombre` varchar(40) COLLATE utf8mb4_spanish_ci NOT NULL,
  `apellidos` varchar(40) CHARACTER SET utf8 COLLATE utf8_spanish_ci NOT NULL,
  `email` varchar(40) COLLATE utf8mb4_spanish_ci NOT NULL,
  `identificador` varchar(40) COLLATE utf8mb4_spanish_ci NOT NULL,
  `contrasenna` varchar(255) CHARACTER SET utf8 COLLATE utf8_spanish_ci NOT NULL,
  `codigoCookie` varchar(60) COLLATE utf8mb4_spanish_ci DEFAULT NULL,
  `administrador` tinyint(1) DEFAULT NULL,
  PRIMARY KEY (`id`)
) ENGINE=InnoDB AUTO_INCREMENT=24 DEFAULT CHARSET=utf8mb4 COLLATE=utf8mb4_spanish_ci;

DROP TABLE IF EXISTS wishlist;
CREATE TABLE `wishlist` (
  `usuarioId` int(11) NOT NULL,
  `juegoId` int(11) NOT NULL,
  KEY `fk_wishlist_usuarioId` (`usuarioId`),
  KEY `fk_wishlist_juegoId` (`juegoId`),
  CONSTRAINT `wishlist_ibfk_2` FOREIGN KEY (`juegoId`) REFERENCES `juego` (`id`) ON DELETE CASCADE ON UPDATE CASCADE,
  CONSTRAINT `wishlist_ibfk_3` FOREIGN KEY (`usuarioId`) REFERENCES `usuario` (`id`) ON DELETE CASCADE ON UPDATE CASCADE
) ENGINE=InnoDB DEFAULT CHARSET=utf8 COLLATE=utf8_spanish_ci;

INSERT INTO carrito(pedidoId,juegoId) VALUES(195,7),(195,1),(195,5),(195,6),(195,4),(195,8),(212,1),(212,9),(214,1);

INSERT INTO genero(id,nombre) VALUES(1,'Acción'),(2,'Aventura'),(3,'Ciencia Ficción'),(4,'Carreras'),(5,'Deporte'),(6,'Estrategia'),(7,'Rol'),(8,'Shooter'),(9,'Simulación'),(10,'Terror');

INSERT INTO genero_juego(generoId,juegoId) VALUES(5,1),(4,3),(2,2),(7,2),(2,4),(1,4),(3,4),(5,5),(9,5),(1,6),(8,6),(1,7),(8,7),(2,8),(6,9),(9,9),(5,10),(2,11),(1,11),(10,12),(2,12),(3,12),(1,12);

INSERT INTO juego(id,nombre,descripcion,portada,trailer,pegi,precio) VALUES(1,'FIFA 22',X'4649464120323220657320756e20766964656f6a7565676f2064652066c3ba74626f6c206465736172726f6c6c61646f20706f722045412056616e636f75766572207920454120526f6d616e69612c207369656e646f207075626c696361646f20706f722045412053706f7274732e20457374c3a120646973706f6e69626c65207061726120506c617953746174696f6e20342c20506c617953746174696f6e20352c2058626f782053657269657320582f532c2058626f78204f6e652c204d6963726f736f66742057696e646f77732c20476f6f676c65205374616469612079204e696e74656e646f205377697463682e204573206c6120766967c3a973696d6f206e6f76656e6120656e747265676120656e206c612073657269652046494641207920667565206c616e7a61646f20656c2031206465206f637475627265206465206d616e65726120676c6f62616c2e','fifa1.jpg',X'3c696672616d652077696474683d2235363022206865696768743d2233313522207372633d2268747470733a2f2f7777772e796f75747562652e636f6d2f656d6265642f764c6a2d3237542d53455122207469746c653d22596f755475626520766964656f20706c6179657222206672616d65626f726465723d22302220616c6c6f773d22616363656c65726f6d657465723b206175746f706c61793b20636c6970626f6172642d77726974653b20656e637279707465642d6d656469613b206779726f73636f70653b20706963747572652d696e2d706963747572652220616c6c6f7766756c6c73637265656e3e3c2f696672616d653e','pegi3.jpg',11.99),(2,'The Elder Scrolls V: Skyrim',X'54686520456c646572205363726f6c6c7320563a20536b7972696d20657320756e20766964656f6a7565676f20646520726f6c2064652061636369c3b36e2064656c207469706f206d756e646f206162696572746f206465736172726f6c6c61646f20706f722042657468657364612047616d652053747564696f732079207075626c696361646f20706f7220426574686573646120536f6674776f726b732e20536b7972696d206573206c61207175696e746120656e7472656761206465206c61207361676120646520766964656f6a7565676f732064652061636369c3b36e20792066616e746173c3ad61206465206c612073657269652054686520456c646572205363726f6c6c73207920657320706f73746572696f7220612054686520456c646572205363726f6c6c732049563a204f626c6976696f6e20792070726564656365736f722064652054686520456c646572205363726f6c6c73204f6e6c696e652e','skyrim.jpg',X'3c696672616d652077696474683d2235363022206865696768743d2233313522207372633d2268747470733a2f2f7777772e796f75747562652e636f6d2f656d6265642f4a53527459704e526f4e3022207469746c653d22596f755475626520766964656f20706c6179657222206672616d65626f726465723d22302220616c6c6f773d22616363656c65726f6d657465723b206175746f706c61793b20636c6970626f6172642d77726974653b20656e637279707465642d6d656469613b206779726f73636f70653b20706963747572652d696e2d706963747572652220616c6c6f7766756c6c73637265656e3e3c2f696672616d653e','pegi18.jpg',5.99),(3,'Forza',X'466f727a6120486f72697a6f6e203520657320756e20766964656f6a7565676f206465206361727265726173206465736172726f6c6c61646f20706f7220506c617967726f756e642047616d65732079207075626c696361646f20706f722058626f782047616d652053747564696f732e20457320656c207175696e746f2074c3ad74756c6f20646520466f727a6120486f72697a6f6e2079206c612064756f64c3a963696d6120656e7472656761207072696e636970616c206465206c6120736572696520466f727a612e20456c206a7565676f20657374c3a120616d6269656e7461646f20656e20756e6120726570726573656e74616369c3b36e206669637469636961206465204dc3a97869636f','forza.jpg',X'3c696672616d652077696474683d2235363022206865696768743d2233313522207372633d2268747470733a2f2f7777772e796f75747562652e636f6d2f656d6265642f465948396e33374237597722207469746c653d22596f755475626520766964656f20706c6179657222206672616d65626f726465723d22302220616c6c6f773d22616363656c65726f6d657465723b206175746f706c61793b20636c6970626f6172642d77726974653b20656e637279707465642d6d656469613b206779726f73636f70653b20706963747572652d696e2d706963747572652220616c6c6f7766756c6c73637265656e3e3c2f696672616d653e','pegi3.jpg',7.99),(4,'God of War',X'476f64206f662057617220657320756e6120736572696520646520766964656f6a7565676f73206861636b20616e6420736c6173682063726561646120706f72205343452053616e7461204d6f6e6963612053747564696f207920646973747269627569646120706f7220536f6e7920436f6d707574657220456e7465727461696e6d656e742e205365206261736120656e206c6173206176656e747572617320646520756e2073656d696469c3b37320657370617274616e6f2c204b7261746f732c20717569656e20736520656e6672656e74612061206469766572736f7320706572736f6e616a6573206465206c61206d69746f6c6f67c3ad61206772696567612079206ec3b372646963612c2074616e746f2068c3a9726f6573202848657261636c65732c20546573656f2c2050657273656f2c206574632e293b206573706563696573206d69746f6cc3b367696361732028676f72676f6e61732c20617270c3ad61732c206f206d696e6f746175726f73293b2064696f7365732067726965676f732028417265732c20506f73656964c3b36e2c205a6575732c20656e747265206f74726f73292c20746974616e65732028636f6d6f2043726f6e6f732920792064696f736573207072696d6f726469616c65732028636f6d6f2047616961292e2041756e71756520656c20677565727265726f20657370617274616e6f2061636f7374756d62726120656e656d697374616420636f6e206c61206d61796f72c3ad61206465206c6f732064696f7365732c20726563696265206179756461206465206d7563686f7320646520656c6c6f7320656e20616c67c3ba6e206d6f6d656e746f206465206361646120656e74726567612c20656e20657370656369616c206465204174656e65612e','gow.jpg',X'3c696672616d652077696474683d2235363022206865696768743d2233313522207372633d2268747470733a2f2f7777772e796f75747562652e636f6d2f656d6265642f644b34324a47676b6f463822207469746c653d22596f755475626520766964656f20706c6179657222206672616d65626f726465723d22302220616c6c6f773d22616363656c65726f6d657465723b206175746f706c61793b20636c6970626f6172642d77726974653b20656e637279707465642d6d656469613b206779726f73636f70653b20706963747572652d696e2d706963747572652220616c6c6f7766756c6c73637265656e3e3c2f696672616d653e','pegi18.jpg',7.99),(5,'Football Manager 2022',X'506f6e746520656e206c61207069656c20646520756e20617574c3a96e7469636f206dc3a16e6167657220656e20756e206d756e646f20667574626f6cc3ad737469636f206c6c656e6f206465207669646120656e20656c2071756520656c2064657374696e6f20646520747520636c756220657374c3a120656e20747573206d616e6f732e20436f6e206461746f732064656c206d756e646f207265616c2079206e7565766173206d6563c3a16e6963617320717565207365206a756e74616e2070617261206f66726563657220657870657269656e636961732064696ec3a16d696361732079207265616c697374617320636f6e20756e206d61796f72206e6976656c20646520656d6f6369c3b36e2c2070726f66756e6469646164207920636f6e74726f6c2e','fm22.jpg',X'3c696672616d652077696474683d2235363022206865696768743d2233313522207372633d2268747470733a2f2f7777772e796f75747562652e636f6d2f656d6265642f44667a4d5a755a4174654122207469746c653d22596f755475626520766964656f20706c6179657222206672616d65626f726465723d22302220616c6c6f773d22616363656c65726f6d657465723b206175746f706c61793b20636c6970626f6172642d77726974653b20656e637279707465642d6d656469613b206779726f73636f70653b20706963747572652d696e2d706963747572652220616c6c6f7766756c6c73637265656e3e3c2f696672616d653e','pegi3.jpg',5.99),(6,'Grand Theft Auto V',X'4772616e64205468656674204175746f2056202861627265766961646f20636f6d6f204754412056206f2047544120352920657320756e20766964656f6a7565676f2064652061636369c3b36e2d6176656e74757261206465206d756e646f206162696572746f206465736172726f6c6c61646f20706f7220656c206573747564696f20526f636b73746172204e6f727468207920646973747269627569646f20706f7220526f636b737461722047616d65732e20467565206c616e7a61646f20656c203137206465207365707469656d62726520646520323031332070617261206c617320636f6e736f6c617320506c617953746174696f6e203320792058626f78203336302e34e2808b20506f73746572696f726d656e74652c20646973747269627569646f20656c203138206465206e6f7669656d62726520646520323031342070617261206c617320636f6e736f6c6173206465206e756576612067656e6572616369c3b36e20506c617953746174696f6e203420792058626f78204f6e652079206c6120766973746120656e207072696d65726120706572736f6e612c206c7565676f2070617261204d6963726f736f66742057696e646f777320656c20313420646520616272696c206465203230313520792066696e616c6d656e746520736520636f6e6669726dc3b3207375206c616e7a616d69656e746f207061726120506c617953746174696f6e20352c2058626f7820536572696573205820792058626f782053657269657320532070617261206d61727a6f20646520323032322e35e2808b36e2808b456e747265206c6173206e6f7665646164657320736520656e6375656e747261206c61206d656a6f7261206465206772c3a16669636f732028386b2920696e636c7569646f20656c20736f706f72746520646520313230204650532e2053652074726174c3b32064656c207072696d6572206772616e2074c3ad74756c6f20656e206c61207365726965204772616e64205468656674204175746f20646573646520656c206c616e7a616d69656e746f206465204772616e64205468656674204175746f20495620656e20323030382c20656c206375616c2065737472656ec3b3206c6120c2ab657261204844c2bb206465206c61206d656e63696f6e61646120736572696520646520766964656f6a7565676f73','gta.jpg',X'3c696672616d652077696474683d2235363022206865696768743d2233313522207372633d2268747470733a2f2f7777772e796f75747562652e636f6d2f656d6265642f516b6b6f48417a6a6e557322207469746c653d22596f755475626520766964656f20706c6179657222206672616d65626f726465723d22302220616c6c6f773d22616363656c65726f6d657465723b206175746f706c61793b20636c6970626f6172642d77726974653b20656e637279707465642d6d656469613b206779726f73636f70653b20706963747572652d696e2d706963747572652220616c6c6f7766756c6c73637265656e3e3c2f696672616d653e','pegi18.jpg',7.99),(7,'Far Cry 6',X'46617220437279203620657320756e20766964656f6a7565676f206465206469737061726f7320656e207072696d65726120706572736f6e61206465736172726f6c6c61646f20706f7220556269736f667420546f726f6e746f2079207075626c696361646f20706f7220556269736f66742e204573206c6120736578746120656e7472656761207072696e636970616c206465206c6120736572696520466172204372792c20667565206c616e7a61646f20656c2037206465206f6374756272652064656c20323032312070617261206c617320706c617461666f726d6173206465204d6963726f736f66742057696e646f77732c20506c617953746174696f6e20342c20506c617953746174696f6e20352c2058626f78204f6e652c2058626f782053657269657320582f53207920476f6f676c65205374616469612e0d0a0d0a4c6120686973746f726961207365206465736172726f6c6c6120656e20596172612c20756e612069736c612066696374696369612064656c204361726962652c2062616a6f20756e2072c3a967696d656e2066617363697374612061706172656e74656d656e746520696e7370697261646f20656e20656c20676f626965726e6f2064652046756c67656e63696f20426174697374612c20717569656e20656a65726369c3b320656c20706f64657220646520666f726d61206469637461746f7269616c20656e2043756261207920616e756e63696120766964656f6a7565676f20696e7370697261646f20656e20437562612c20756e206d756e646f2022646574656e69646f20656e20656c207469656d706f222e20506f722074616c206d6f7469766f20656c2065717569706f20646520556269736f6674207669616ac3b320612043756261207061726120656e747265766973746172736520636f6e20616e746967756f73206775657272696c6c65726f732071756520706172746963697061726f6e20656e20656c2062616e646f207265766f6c7563696f6e6172696f2e','farcry.jpg',X'3c696672616d652077696474683d2235363022206865696768743d2233313522207372633d2268747470733a2f2f7777772e796f75747562652e636f6d2f656d6265642f63487855724b717831456722207469746c653d22596f755475626520766964656f20706c6179657222206672616d65626f726465723d22302220616c6c6f773d22616363656c65726f6d657465723b206175746f706c61793b20636c6970626f6172642d77726974653b20656e637279707465642d6d656469613b206779726f73636f70653b20706963747572652d696e2d706963747572652220616c6c6f7766756c6c73637265656e3e3c2f696672616d653e','pegi18.jpg',5.99),(8,'Minecraft',X'4d696e65637261667420657320756e20766964656f6a7565676f20646520636f6e73747275636369c3b36e206465207469706f20c2ab6d756e646f206162696572746fc2bb206f2073616e64626f782063726561646f206f726967696e616c6d656e746520706f7220656c20737565636f204d61726b75732050657273736f6e2028636f6e6f6369646f20636f6dc3ba6e6d656e746520636f6d6f20c2ab4e6f746368c2bb292c3138e2808b207920706f73746572696f726d656e7465206465736172726f6c6c61646f20706f72204d6f6a616e672053747564696f73202861637475616c6d656e7465207061727465206465204d6963726f736f6674292e3139e2808b20467565206c616e7a61646f20656c203137206465206d61796f20646520323030392c2079206465737075c3a973206465206e756d65726f736f732063616d62696f732c207375207072696d657261207665727369c3b36e2065737461626c6520c2ab312e30c2bb20667565207075626c696361646120656c203138206465206e6f7669656d62726520646520323031312e','minecraft.jpg',X'3c696672616d652077696474683d2235363022206865696768743d2233313522207372633d2268747470733a2f2f7777772e796f75747562652e636f6d2f656d6265642f4d6d423962356e6a56624122207469746c653d22596f755475626520766964656f20706c6179657222206672616d65626f726465723d22302220616c6c6f773d22616363656c65726f6d657465723b206175746f706c61793b20636c6970626f6172642d77726974653b20656e637279707465642d6d656469613b206779726f73636f70653b20706963747572652d696e2d706963747572652220616c6c6f7766756c6c73637265656e3e3c2f696672616d653e','pegi3.jpg',3.99),(9,'Age of Empires IV',X'416765206f6620456d70697265732049562028656e2065737061c3b16f6c204c612065646164206465206c6f7320696d706572696f732049562920657320756e20766964656f6a7565676f206465206573747261746567696120656e207469656d706f207265616c206465736172726f6c6c61646f20706f722052656c696320456e7465727461696e6d656e7420656e2061736f6369616369c3b36e20636f6e20576f726c64277320456467652079207075626c696361646f20706f722058626f782047616d652053747564696f732e204573206c612063756172746120656e7472656761206465206c6120736572696520416765206f6620456d70697265732e20456c206a7565676f20667565206c616e7a61646f20656c203238206465206f637475627265206465203230323120706172612057696e646f77732e','age.jpg',X'3c696672616d652077696474683d2235363022206865696768743d2233313522207372633d2268747470733a2f2f7777772e796f75747562652e636f6d2f656d6265642f4f7674376433345f68524122207469746c653d22596f755475626520766964656f20706c6179657222206672616d65626f726465723d22302220616c6c6f773d22616363656c65726f6d657465723b206175746f706c61793b20636c6970626f6172642d77726974653b20656e637279707465642d6d656469613b206779726f73636f70653b20706963747572652d696e2d706963747572652220616c6c6f7766756c6c73637265656e3e3c2f696672616d653e','pegi3.jpg',4.99),(10,'NBA 2K22',X'4e424120324b323220657320756e20766964656f6a7565676f2064652073696d756c616369c3b36e2064652062616c6f6e636573746f2064652032303231206465736172726f6c6c61646f20706f722056697375616c20436f6e63657074732079207075626c696361646f20706f7220324b2053706f7274732c2062617361646f20656e206c612041736f6369616369c3b36e204e6163696f6e616c2064652042616c6f6e636573746f2e204573206c612032336120656e7472656761206465206c61206672616e717569636961204e424120324b2079206c612073756365736f7261206465204e424120324b3231','nba.jpg',X'3c696672616d652077696474683d2235363022206865696768743d2233313522207372633d2268747470733a2f2f7777772e796f75747562652e636f6d2f656d6265642f4f63557a776e413536394d22207469746c653d22596f755475626520766964656f20706c6179657222206672616d65626f726465723d22302220616c6c6f773d22616363656c65726f6d657465723b206175746f706c61793b20636c6970626f6172642d77726974653b20656e637279707465642d6d656469613b206779726f73636f70653b20706963747572652d696e2d706963747572652220616c6c6f7766756c6c73637265656e3e3c2f696672616d653e','pegi3.jpg',7.99),(11,'Red Dead Redemption 2',X'526564204465616420526564656d7074696f6e20322c20657374696c697a61646f20526564204465616420526564656d7074696f6e2049492c20657320756e20766964656f6a7565676f2064652061636369c3b36e2d6176656e74757261207765737465726e2c20656e20756e206d756e646f206162696572746f207920656e207065727370656374697661206465207072696d6572612079207465726365726120706572736f6e612c31e2808b20636f6e20636f6d706f6e656e746573207061726120756e206a756761646f722079206d756c74696a756761646f722e32e2808b20467565206465736172726f6c6c61646f20706f7220526f636b737461722047616d65732e204573206c61207072656375656c6120646520526564204465616420526564656d7074696f6e207920656c20746572636572206a7565676f206465206c6120736167612052656420446561642e33e2808b34e2808b205375206665636861206465206c616e7a616d69656e746f2066756520656c203236206465206f637475627265206465203230313820656e206c617320636f6e736f6c617320506c617953746174696f6e203420792058626f78204f6e652e35e2808b20467565206c616e7a61646f20656e204d6963726f736f66742057696e646f777320656c2035206465206e6f7669656d62726520646520323031392c207920706f73746572696f726d656e7465206c6f20736572c3a120656e20476f6f676c65205374616469612e36e2808b0d0a0d0a456c203230206465206f6374756272652064652032303136207365207075626c6963c3b320656c207072696d6572207472c3a1696c6572206d6f737472616e646f2063696e656dc3a174696361732064656c206a7565676f2c207065726f2073696e20656e7365c3b16172206e616461207265666572656e746520616c2073697374656d61206465206a7565676f2e37e2808b20456c206a7565676f20657374c3a120616d6269656e7461646f20646f63652061c3b16f7320616e746573206465206c6f732073756365736f732064656c207072696d65722074c3ad74756c6f2070726573656e74616e646f206c6120686973746f726961206465206c612042616e64612064652044757463682056616e20446572204c696e646520792063c3b36d6f2065737461206f7267616e697a616369c3b36e20636179c3b320656e206c61206465636164656e6369612e','rrd2.jpg',X'3c696672616d652077696474683d2235363022206865696768743d2233313522207372633d2268747470733a2f2f7777772e796f75747562652e636f6d2f656d6265642f64665f7a3175327048594122207469746c653d22596f755475626520766964656f20706c6179657222206672616d65626f726465723d22302220616c6c6f773d22616363656c65726f6d657465723b206175746f706c61793b20636c6970626f6172642d77726974653b20656e637279707465642d6d656469613b206779726f73636f70653b20706963747572652d696e2d706963747572652220616c6c6f7766756c6c73637265656e3e3c2f696672616d653e','pegi18.jpg',5.99),(12,'Resident Evil Village',X'5265736964656e74204576696c2056696c6c616765202861627265766961646f20636f6d6f2052453a2056696c6c616765207920657374696c697a61646f20636f6d6f205649492e492e414745205245534944454e54204556494c2c2054616d6269c3a96e206c6c616d61646f205265736964656e74204576696c20382c20636f6e6f6369646f20656e204a6170c3b36e20636f6d6f2042696f68617a6172642056696c6c6167652028e38390e382a4e382aae3838fe382b6e383bce3838920e383b4e382a3e383ace38383e382b8204261696f68617ac481646f20566972656a6a693f292920657320756e20766964656f6a7565676f2070657274656e656369656e746520616c2067c3a96e65726f206465206c6f7320766964656f6a7565676f7320646520746572726f72206465736172726f6c6c61646f2079207075626c696361646f20706f7220436170636f6d2e206c61206e6f76656e6120656e7472656761206465206c61207365726965207072696e636970616c206465205265736964656e74204576696c20792073656375656c61206e6172726174697661206465205265736964656e74204576696c20373a2042696f68617a6172642064656c2061c3b16f20323031372c31e2808b20656c20766964656f6a7565676f207369677565206120457468616e2057696e746572732c20717569656e2c206465737075c3a97320646520756e20666174c3ad6469636f20656e6375656e74726f20636f6e204368726973205265646669656c642c20736520656e6375656e74726120656e20756e20707565626c6f206c6c656e6f20646520637269617475726173206d7574616e74657320656e20756e206573667565727a6f20706f7220656e636f6e7472617220612073752068696a612073656375657374726164612e205369206269656e2056696c6c616765206d616e7469656e65206c6f7320656c656d656e746f732066756e64616d656e74616c657320646520746572726f72206465207375706572766976656e636961206465206c612073657269652c20656c20766964656f6a7565676f2061646f70746120756e20657374696c6f20646520766964656f6a7565676f206dc3a173206f7269656e7461646f2061206c612061636369c3b36e20656e20636f6d706172616369c3b36e20636f6e2073752070726564656365736f722e','re8.jpg',X'3c696672616d652077696474683d2235363022206865696768743d2233313522207372633d2268747470733a2f2f7777772e796f75747562652e636f6d2f656d6265642f7a746a386676365474703822207469746c653d22596f755475626520766964656f20706c6179657222206672616d65626f726465723d22302220616c6c6f773d22616363656c65726f6d657465723b206175746f706c61793b20636c6970626f6172642d77726974653b20656e637279707465642d6d656469613b206779726f73636f70653b20706963747572652d696e2d706963747572652220616c6c6f7766756c6c73637265656e3e3c2f696672616d653e','pegi18.jpg',7.99);

INSERT INTO pedido(id,usuarioId,gameKey,fechaPedido,tiempoAlquiler,comprado) VALUES(195,16,'LVX0Kky4vLWO','2022-01-30 13:51:31',0,0),(212,21,'ArcEzqlDjwxx','2022-01-31 06:39:13',0,0),(213,21,'0',NULL,0,0),(214,16,'0',NULL,0,0);

INSERT INTO plataforma(id,nombre,logo) VALUES(1,'Playstation','psn.png'),(2,'Pc','pc.jpg'),(3,'Xbox','xbox.jpg');

INSERT INTO plataforma_juego(plataformaId,juegoId) VALUES(2,2),(1,1),(2,1),(3,3),(3,1),(1,4),(2,5),(2,6),(1,6),(3,6),(1,7),(3,7),(2,8),(2,9),(1,10),(3,10),(1,11),(3,11),(1,12),(3,12),(2,12);

INSERT INTO resenia(id,valoracion,mensaje,fecha,juegoId,usuarioId) VALUES(17,3,X'6a696969','2022-01-30 16:52:31',9,16),(22,1,X'6e6161','2022-01-30 23:41:26',12,10),(25,3,X'4c6f20646520746f646f73206c6f732061c3b16f73','2022-01-30 14:46:11',1,16);

INSERT INTO usuario(id,nombre,apellidos,email,identificador,contrasenna,codigoCookie,administrador) VALUES(10,'Ivan','Rodríguez','i@i.com','irod','$2y$10$Ao4heUJ1xSGkLF6nC2GBe.f0sT1iXSfyRMUMZa77WfLjS7IRYf/PG',NULL,NULL),(16,'jose','Lopez','jlopez@gmail.com','jlopez','$2y$10$hN4c5JwePrq2Bvd8x10df./vucHhr0JxiKYszT300jv6ku5j79/32',NULL,NULL),(21,'o','o','o@gmail.com','o','$2y$10$XBNdLnCJZEFHk4nl0XAjj.aeTnvfAmJ6CuLqCuzgwUd7qd5JrPsB2',NULL,NULL);
INSERT INTO wishlist(usuarioId,juegoId) VALUES(10,1),(10,3),(16,7),(16,9),(16,8);